chunk_id,page,text
1,1,"College of Engineering
COURSE SYLLABUS
1. COURSE INFORMATION
Course Code Course Title Academic Year
0103330 Software Design and Development
2. CREDIT HOURS
CR.H
3-0-3
3. PRE-REQUISITE & CO-REQUISITE
Pre-Requisite Co-Requisite
Software Requirements and
Specification (0103320)
N/A
4. INSTRUCTOR INFORMATION
Instructor Name Email Phone
Office Hours Office Location Extension
5. BRIEF COURSE DESCRIPTION
The Software Design and Development course is designed to teach students the knowledge, understanding,
skills and values to solve problems through the creation of software solutions. The course introduces students
to the nature of software design, design process, agile-based design, architectural design and distributed
architecture. It also introduces popular design frameworks, such as object-oriented design, function-oriented
design, and aspect-oriented design. The course is concluded with user interface design and its contemporary
design issues.
Approved By:
Program Director (AD) - 11-JAN-24
Program Director (AA) - 16-JAN-24
Deputy Dean (AD) - 22-JAN-24
Dean (AA) - 22-JAN-24
2023-2024 (V2)
Page 1 of 4"
2,2,"6. COURSE LEARNING OUTCOMES
CLO# Course Learning Outcome
1 Identify suitable software development processes for designing a system
2 Describe fundamentals of software design and architecture
3 Identify the most suitable application architecture for a given system
4 Represent design and development of a system using object-oriented design methods
5 Describe various software security engineering methods..
7. CONTRIBUTION OF COURSE LEARNING OUTCOMES TO PROGRAM OUTCOMES
QFE Program Learning Outcomes
7K1,7K2,7K3,7K4,7SK1,7S
K2,7SK3
1 an ability to identify, formulate, and solve complex engineering problems by applying principles of
engineering, science, and mathematics
1 a an ability to identify and formulate engineering problems by applying principles of engineering, science,
and mathematics
1 b an ability to solve engineering problems by applying principles of engineering, science, and mathematics
7K1,7K3,7SK1,7SK3,
7AR1,7SD3
2 an ability to apply engineering design to produce solutions that meet specified needs with consideration of
public health, safety, and welfare, as well as global, cultural, social, environmental, and economic factors
2 a an ability to apply engineering design to produce solutions that meet specified needs with consideration of
public health, safety, and welfare
2 b an ability to apply engineering design to produce solutions that meet specified needs with consideration of
global, cultural, social, environmental, and economic factors.
7SK4, 7AR3,7AR4 , 7RC3 3 an ability to communicate effectively with a range of audiences
7K2,7K5,7AR4,7RC1,7RC2
, 7RC4,7SD1,7SD2,7SD3
4 an ability to recognize ethical and professional responsibilities in engineering situations and make
informed judgments, which must consider the impact of engineering solutions in global, economic,
environmental, and societal contexts
7AR2,7AR3,7RC1,7RC2,7R
C3,7RC4
5 an ability to function effectively on a team whose members together provide leadership, create a
collaborative and inclusive environment, establish goals, plan tasks, and meet objectives
7K1,7K3,7K4,7SK1,7SK2,7
SK4, 7AR1
6 an ability to develop and conduct appropriate experimentation, analyze and interpret data, and use
engineering judgment to draw conclusions
6 a an ability to develop and conduct appropriate experimentation
6 b an ability to analyze and interpret data, and use engineering judgment to draw conclusions
7K5,7SK3, 7AR1,
7AR2,7RC1, 7SD1,7SD2
7 an ability to acquire and apply new knowledge as needed, using appropriate learning strategies.
7 a an ability to acquire new knowledge as needed using appropriate learning strategies
7 b an ability to apply acquired knowledge as needed
AT1 AT2 AT3 AT4 AT5 AT6 AT7 AT8 AT9 AT10 AT11 AT12
Quizzes Assignments Midterm Lab
Assessment
Project /
Research
Field Visit Case Studies Presentation Student
Portfolio
Final Exam Exit Exam Group
Assignments
CLO# PLOs & PIs Assessment Tools
1 2 3 4 5 6 7
1a 1b 2a 2b 3a 4a 5a 6a 6b 7a 7b AT1 AT2 AT3 AT4 AT5 AT6 AT7 AT8 AT9 AT10 AT11 AT12
1 X X X X
2 X X X X X
3 X X X X X
4 X X X X X X
5 X X
Approved By:
Program Director (AD) - 11-JAN-24
Program Director (AA) - 16-JAN-24
Deputy Dean (AD) - 22-JAN-24
Dean (AA) - 22-JAN-24
2023-2024 (V2)
Page 2 of 4"
3,3,"8. COURSE CONTENTS AND TOPICS (Week by Week)
Week# Course Topic
1 Software development process Models Part-I
2 Software development process Part-II
3 Agile Software Development
Quiz 1
4 Software Architecture (Definition and Decisions)
5 Distributed System Architecture, Synchronization Issues and Petri-Net Modeling, Lab
6 Data-Centered Architecture, definitions, layers and tiers.
7 Application Architecture (data processing and transaction processing)
8 Application Architecture (Event processing and language processing)
Midterm Exam
9 Function-Oriented Design and Development
10 Object-Oriented Design and Development Part-I
11 Lab for Object-Oriented Design
12 Object-Oriented Design and Development Part-II
Quiz 2
13 Aspect-Oriented Design and Development 
14 Software Quality and Security
15 Software Security Engineering
16 Final Exam
9. SCHEDULE OF LABORATORY, STUDIO, EXTERNAL VISITS AND OTHER NON-LECTURE SESSIONS
N/A
10. OUT-OF-CLASS ASSIGNMENTS
Assessment Tool Week# Weight
 Assignment 1 4 10 %
 Assignment 2 14 10 %
11. ASSESSMENT METHODS & STUDENT EVALUATION
Assessment Tool Week# Weight
 Quiz 1 3 10 %
 Quiz 2 12 10 %
 Midterm Exam 8 20 %
 Final Exam 16 40 %
Approved By:
Program Director (AD) - 11-JAN-24
Program Director (AA) - 16-JAN-24
Deputy Dean (AD) - 22-JAN-24
Dean (AA) - 22-JAN-24
2023-2024 (V2)
Page 3 of 4"
4,4,"12. TEACHING METHODS
 ✓  Critical Thinking  ✓  General lectures using electronic tools
13. COURSE TEXTBOOK, RECOMMENDED READINGS AND RESOURSES
I. Textbooks
(1) Title: Software Engineering: A Practitioner's Approach
Author(s): Roger S. Pressman and Bruce Maxim
Year: 2014 Edition : 8th ISBN: 978-0078022128 Publisher: McGraw-Hill Education
Link: https://www.amazon.com/Software-Engineering-Practitioners-Approach-Computer/dp/0078022126 
II. References
(1) Title: Software engineering
Author(s): I. Sommerville
Year: 2015 Edition : 10th ISBN: 0133943038 Publisher: Pearson Education
Link: 
----------------------------------------------------------------------------------------------------
(2) Title: Learning Agile: Understanding Scrum, XP, Lean, and Kanban
Author(s): A. Stellman and J. Greene
Year: 2014 Edition : 1st ISBN: 1449363822 Publisher: O'Reilly Media
Link: 
III. Other Readings and Resources
Visio 2016 Software which is a diagramming and vector graphics application and is part of the Microsoft
Office family.
14. LEARNING STRATEGIES, ATTENDANCE POLICY & PLAGIARISM
I. Learning Strategies
Active learning strategies are employed in this course to encourage students' participation in class and to
foster their abilities to discuss a solution to a problem in group. Students will be guided to understand the
nature of problem and analyze it. Active learning strategies include assignments where students work
individually and in teams to solve various problems.
II. Attendance Policy
Students are expected to attend their classes. Absence never exempts a student from the work required for
satisfactory completion of the courses. Excessive absences of any course will result in: 1. First warning for
absence of 10% of the class hours 2. Second warning for absence of 20% of the class hours 3. A failing grade
in the course for an absence of 25% of the class hours 4. Exception to (3) may be made in the case of serious
illness or death to an immediate family member if approved by the dean of the college. In such case, the
student will receive a W grade in the course.
III. Plagiarism
PLAGIARISM is to use someone else's idea, words, projects, artwork, phrasing, sentence structure, or other
work without properly acknowledging the ownership (source) of the property. Plagiarism is dishonest because
it misrepresents the work of someone else as one's own. Students who are suspected of plagiarism will
answer to an investigation. Those found guilty will face a disciplinary action as per the university rules.
Powered by TCPDF (www.tcpdf.org)
Approved By:
Program Director (AD) - 11-JAN-24
Program Director (AA) - 16-JAN-24
Deputy Dean (AD) - 22-JAN-24
Dean (AA) - 22-JAN-24
2023-2024 (V2)
Page 4 of 4"
