student_id,workspace_id,student_no,name,email
08ad8566-2934-4cd1-ade7-6ae28508fc8a,ab5fe08f-4b95-4c79-b131-51e9680fe728,,
c675dca3-4256-4375-9cd0-18ba7e095cf6,ab5fe08f-4b95-4c79-b131-51e9680fe728,,
c8dcd354-a394-4b54-bf3a-7b6f54e178bc,ab5fe08f-4b95-4c79-b131-51e9680fe728,,
72eed9d2-5625-4d30-9ab1-3b453c1b3a69,ab5fe08f-4b95-4c79-b131-51e9680fe728,,
70bf4397-b205-42d5-b683-cf4359d18c7e,ab5fe08f-4b95-4c79-b131-51e9680fe728,,
cdd52dd1-e763-49a9-a634-1b8825004e83,ab5fe08f-4b95-4c79-b131-51e9680fe728,,
7ba4d97a-9158-461c-a828-85e1b6557abd,ab5fe08f-4b95-4c79-b131-51e9680fe728,,
c5386ac5-996b-4061-9209-3f0fe47af9a7,ab5fe08f-4b95-4c79-b131-51e9680fe728,,
48d5a325-b1a1-4c86-90ec-9616319c638c,ab5fe08f-4b95-4c79-b131-51e9680fe728,,
9267661a-e65d-42b0-ba16-c181f623ef00,ab5fe08f-4b95-4c79-b131-51e9680fe728,,
586a9d85-5441-439a-9b3c-b8a4e2b5be14,ab5fe08f-4b95-4c79-b131-51e9680fe728,,
d746ff8e-aaa6-4b60-b90f-eb3b593d4e24,ab5fe08f-4b95-4c79-b131-51e9680fe728,,
089dd4b2-e922-49e2-adc1-fb48f080570e,ab5fe08f-4b95-4c79-b131-51e9680fe728,,
adeb7375-73e4-4fc5-a909-1af1e6e612b9,ab5fe08f-4b95-4c79-b131-51e9680fe728,,
198b665c-c852-4974-8a97-0ac0d416ce6a,ab5fe08f-4b95-4c79-b131-51e9680fe728,,
35c63137-2bdf-4304-89cb-f962cb5d94f5,ab5fe08f-4b95-4c79-b131-51e9680fe728,,
22b90739-f020-4a28-af44-c1fc67aae8d6,ab5fe08f-4b95-4c79-b131-51e9680fe728,,
2533fbda-416e-48df-a8e0-f20834b53369,ab5fe08f-4b95-4c79-b131-51e9680fe728,,
377e4e42-c6da-4b42-8eda-ac2ca15ca05b,ab5fe08f-4b95-4c79-b131-51e9680fe728,,
7730874c-7257-48cc-8a4b-15d91d3bca43,ab5fe08f-4b95-4c79-b131-51e9680fe728,,
143d175d-252a-40e1-91c8-e32ad1229bc9,0d5002be-611b-4290-ba1b-82dce528b900,,soso@gmail.com
12d2244b-e597-48de-9494-6fb73ec9c542,0d5002be-611b-4290-ba1b-82dce528b900,,o@gmail.com
0acb8d0a-6333-404b-bb91-dc2340d71531,0d5002be-611b-4290-ba1b-82dce528b900,,me@gmail.com
042a4a14-069c-49a4-8dac-8180140a0150,0d5002be-611b-4290-ba1b-82dce528b900,,mi@gmail.com
b0212296-4f0a-465e-a213-df4397e8be29,0d5002be-611b-4290-ba1b-82dce528b900,,ahmed@gmail.com
c27b3ddc-6fc2-4b29-a1d0-ec548ef51100,0d5002be-611b-4290-ba1b-82dce528b900,,no@gmail.com
a7abebe7-861b-4f6c-b46d-e72634701b13,0d5002be-611b-4290-ba1b-82dce528b900,,lo@gmail.com
9c9eb7ea-64f1-466c-9478-ffc3a9faf63f,0d5002be-611b-4290-ba1b-82dce528b900,,ko@gmail.com
b51628e9-799e-4364-a740-133d06257def,0d5002be-611b-4290-ba1b-82dce528b900,,zo@gmail.com
2bc53f9e-61a6-4a75-a1d2-7942479cd388,0d5002be-611b-4290-ba1b-82dce528b900,,ki@gmail.com
0ff2f639-0914-4dc9-8b39-5fb63e513306,0d5002be-611b-4290-ba1b-82dce528b900,,merna@gmail.com
